{
    "type": "normal",
    "initsun": 400,
    "initmiaomode": "all",
    "initmiaorandomnummode": "FlowerPeng",
    "gamechecktime": 190,
    
    "initpeng": 8,
    "allowmiaolist": [
        "SunFlower", "IceFlower", "Pea", "JianGuo", "Cherry", "PeaDouble"
    ],
    
    "initshooter": "PeaDouble",
    "initmiaolist": [
        "SunFlower", "IceFlower", "IceFlower", "IceFlower", "PeaDouble", "PeaDouble"
    ],
    "enmyspeedattackscale": 2.0,
    "enmyspeedmovescale": 1,
    "enmyviewscale": 0.1,
    "enmybehurtscale": 4.0,

    "enmyswaveflag": {
        "19": 1
    },
    "enmys": {
        "4": [
            {
                "types": [ "zombi_s", "zombi_s", "zombi_s", "zombi_s", "zombi_s", "zombi_s", "zombi_s", "zombi_s", "zombi_s", "zombi_s" ],
                "typesmode": "next",
                "generator": [ 1, 2, 3, 4, 5, 6, 7, 8, 9, 10 ],
                "generatormode": "random",
                "lazyall": 0,
                "lazyme": 0.5,
                "speedmode": "normal"
            }
        ],
        "8": [
            {
                "types": [ "zombi_s", "zombi_s", "zombi_s", "zombi_s", "zombi_s", "zombi_s", "zombi_s", "zombi_s", "zombi_s", "zombi_s" ],
                "typesmode": "next",
                "generator": [ 1, 2, 3, 4, 5, 6, 7, 8, 9, 10 ],
                "generatormode": "random",
                "lazyall": 0,
                "lazyme": 2,
                "speedmode": "normal"
            }
        ],
        "12": [
            {
                "types": [ "zombi_s", "zombi_s", "zombi_s", "zombi_s", "zombi_s", "zombi_s", "zombi_s", "zombi_s", "zombi_s", "zombi_s" ],
                "typesmode": "next",
                "generator": [ 1, 2, 3, 4, 5, 6, 7, 8, 9, 10 ],
                "generatormode": "random",
                "lazyall": 0,
                "lazyme": 0.5,
                "speedmode": "normal"
            }
        ],
        "16": [
            {
                "types": [ "zombi_s", "zombi_s", "zombi_s", "zombi_s", "zombi_s", "zombi_s", "zombi_s", "zombi_s", "zombi_s", "zombi_s" ],
                "typesmode": "next",
                "generator": [ 1, 2, 3, 4, 5, 6, 7, 8, 9, 10 ],
                "generatormode": "random",
                "lazyall": 0,
                "lazyme": 4,
                "speedmode": "normal"
            }
        ],
        "20": [
            {
                "types": [ "zombi_s", "zombi_s", "zombi_s", "zombi_s", "zombi_s", "zombi_s", "zombi_s", "zombi_s", "zombi_s", "zombi_s" ],
                "typesmode": "next",
                "generator": [ 1, 2, 3, 4, 5, 6, 7, 8, 9, 10 ],
                "generatormode": "random",
                "lazyall": 0,
                "lazyme": 0.5,
                "speedmode": "normal"
            }
        ],
        "24": [
            {
                "types": [ "zombi_s", "zombi_s", "zombi_s", "zombi_s", "zombi_s", "zombi_s", "zombi_s", "zombi_s", "zombi_s", "zombi_s" ],
                "typesmode": "next",
                "generator": [ 1, 2, 3, 4, 5, 6, 7, 8, 9, 10 ],
                "generatormode": "random",
                "lazyall": 0,
                "lazyme": 2,
                "speedmode": "normal"
            }
        ],
        "40": [
            {
                "types": [ "zombi_mu_tong", "zombi_mu_tong", "zombi_mu_tong", "zombi_mu_tong", "zombi_mu_tong", "zombi_mu_tong", "zombi_mu_tong", "zombi_mu_tong", "zombi_mu_tong", "zombi_mu_tong" ],
                "typesmode": "next",
                "generator": [ 1, 2, 3, 4, 5, 6, 7, 8, 9, 10 ],
                "generatormode": "random",
                "lazyall": 0,
                "lazyme": 0.5,
                "speedmode": "normal"
            }
        ],
        "46": [
            {
                "types": [ "zombi_mu_tong", "zombi_mu_tong", "zombi_mu_tong", "zombi_mu_tong", "zombi_mu_tong", "zombi_mu_tong", "zombi_mu_tong", "zombi_mu_tong", "zombi_mu_tong", "zombi_mu_tong" ],
                "typesmode": "next",
                "generator": [ 1, 2, 3, 4, 5, 6, 7, 8, 9, 10 ],
                "generatormode": "random",
                "lazyall": 0,
                "lazyme": 0.5,
                "speedmode": "normal"
            }
        ],
        "52": [
            {
                "types": [ "zombi_mu_tong", "zombi_mu_tong", "zombi_mu_tong", "zombi_mu_tong", "zombi_mu_tong", "zombi_mu_tong", "zombi_mu_tong", "zombi_mu_tong", "zombi_mu_tong", "zombi_mu_tong" ],
                "typesmode": "next",
                "generator": [ 1, 2, 3, 4, 5, 6, 7, 8, 9, 10 ],
                "generatormode": "random",
                "lazyall": 0,
                "lazyme": 0.5,
                "speedmode": "normal"
            }
        ],
        "58": [
            {
                "types": [ "zombi_mu_tong", "zombi_mu_tong", "zombi_mu_tong", "zombi_mu_tong", "zombi_mu_tong", "zombi_mu_tong", "zombi_mu_tong", "zombi_mu_tong", "zombi_mu_tong", "zombi_mu_tong" ],
                "typesmode": "next",
                "generator": [ 1, 2, 3, 4, 5, 6, 7, 8, 9, 10 ],
                "generatormode": "random",
                "lazyall": 0,
                "lazyme": 2,
                "speedmode": "normal"
            }
        ],
        "64": [
            {
                "types": [ "zombi_mu_tong", "zombi_mu_tong", "zombi_mu_tong", "zombi_mu_tong", "zombi_mu_tong", "zombi_mu_tong", "zombi_mu_tong", "zombi_mu_tong", "zombi_mu_tong", "zombi_mu_tong" ],
                "typesmode": "next",
                "generator": [ 1, 2, 3, 4, 5, 6, 7, 8, 9, 10 ],
                "generatormode": "random",
                "lazyall": 0,
                "lazyme": 0.5,
                "speedmode": "normal"
            }
        ],
        "70": [
            {
                "types": [ "zombi_mu_tong", "zombi_mu_tong", "zombi_mu_tong", "zombi_mu_tong", "zombi_mu_tong", "zombi_mu_tong", "zombi_mu_tong", "zombi_mu_tong", "zombi_mu_tong", "zombi_mu_tong" ],
                "typesmode": "next",
                "generator": [ 1, 2, 3, 4, 5, 6, 7, 8, 9, 10 ],
                "generatormode": "random",
                "lazyall": 0,
                "lazyme": 2,
                "speedmode": "normal"
            }
        ],
        "76": [
            {
                "types": [ "zombi_s", "zombi_s", "zombi_s", "zombi_s", "zombi_s", "zombi_s", "zombi_s", "zombi_s", "zombi_s", "zombi_s" ],
                "typesmode": "next",
                "generator": [ 1, 2, 3, 4, 5, 6, 7, 8, 9, 10 ],
                "generatormode": "random",
                "lazyall": 0,
                "lazyme": 0.5,
                "speedmode": "normal"
            }
        ],
        
        "90": [
            {
                "types": [ "zombi_tie_tong", "zombi_tie_tong", "zombi_tie_tong", "zombi_tie_tong", "zombi_tie_tong", "zombi_tie_tong", "zombi_tie_tong", "zombi_tie_tong", "zombi_tie_tong", "zombi_tie_tong" ],
                "typesmode": "next",
                "generator": [ 1, 2, 3, 4, 5, 6, 7, 8, 9, 10 ],
                "generatormode": "random",
                "lazyall": 0,
                "lazyme": 0,
                "speedmode": "normal"
            }
        ],
        "100": [
            {
                "types": [ "zombi_tie_tong", "zombi_tie_tong", "zombi_tie_tong", "zombi_tie_tong", "zombi_tie_tong", "zombi_tie_tong", "zombi_tie_tong", "zombi_tie_tong", "zombi_tie_tong", "zombi_tie_tong" ],
                "typesmode": "next",
                "generator": [ 1, 2, 3, 4, 5, 6, 7, 8, 9, 10 ],
                "generatormode": "random",
                "lazyall": 0,
                "lazyme": 0,
                "speedmode": "normal"
            }
        ],
        "110": [
            {
                "types": [ "zombi_tie_tong", "zombi_tie_tong", "zombi_tie_tong", "zombi_tie_tong", "zombi_tie_tong", "zombi_tie_tong", "zombi_tie_tong", "zombi_tie_tong", "zombi_tie_tong", "zombi_tie_tong" ],
                "typesmode": "next",
                "generator": [ 1, 2, 3, 4, 5, 6, 7, 8, 9, 10 ],
                "generatormode": "random",
                "lazyall": 0,
                "lazyme": 0,
                "speedmode": "normal"
            }
        ],
        "115": [
            {
                "types": [ "zombi_tie_tong", "zombi_tie_tong", "zombi_tie_tong", "zombi_tie_tong", "zombi_tie_tong", "zombi_tie_tong", "zombi_tie_tong", "zombi_tie_tong", "zombi_tie_tong", "zombi_tie_tong" ],
                "typesmode": "next",
                "generator": [ 1, 2, 3, 4, 5, 6, 7, 8, 9, 10 ],
                "generatormode": "random",
                "lazyall": 0,
                "lazyme": 0,
                "speedmode": "normal"
            }
        ],
        "120": [
            {
                "types": [ "zombi_tie_tong", "zombi_tie_tong", "zombi_tie_tong", "zombi_tie_tong", "zombi_tie_tong", "zombi_tie_tong", "zombi_tie_tong", "zombi_tie_tong", "zombi_tie_tong", "zombi_tie_tong" ],
                "typesmode": "next",
                "generator": [ 1, 2, 3, 4, 5, 6, 7, 8, 9, 10 ],
                "generatormode": "random",
                "lazyall": 0,
                "lazyme": 0,
                "speedmode": "normal"
            }
        ],
        "130": [
            {
                "types": [ "zombi_tie_tong", "zombi_tie_tong", "zombi_tie_tong", "zombi_tie_tong", "zombi_tie_tong", "zombi_tie_tong", "zombi_tie_tong", "zombi_tie_tong", "zombi_tie_tong", "zombi_tie_tong" ],
                "typesmode": "next",
                "generator": [ 1, 2, 3, 4, 5, 6, 7, 8, 9, 10 ],
                "generatormode": "random",
                "lazyall": 0,
                "lazyme": 0,
                "speedmode": "normal"
            }
        ],

        
        "135": [
            {
                "types": [ "zombi_s", "zombi_s", "zombi_s", "zombi_s", "zombi_s", "zombi_s", "zombi_s", "zombi_s", "zombi_s", "zombi_s" ],
                "typesmode": "next",
                "generator": [ 1, 2, 3, 4, 5, 6, 7, 8, 9, 10 ],
                "generatormode": "random",
                "lazyall": 0,
                "lazyme": 3,
                "speedmode": "normal"
            }
        ],
        "140": [
            {
                "types": [ "zombi_s", "zombi_s", "zombi_s", "zombi_s", "zombi_s", "zombi_s", "zombi_s", "zombi_s", "zombi_s", "zombi_s" ],
                "typesmode": "next",
                "generator": [ 1, 2, 3, 4, 5, 6, 7, 8, 9, 10 ],
                "generatormode": "random",
                "lazyall": 0,
                "lazyme": 2,
                "speedmode": "normal"
            }
        ],
        "142": [
            {
                "types": [ "zombi_m", "zombi_m", "zombi_m", "zombi_m", "zombi_m", "zombi_m", "zombi_m", "zombi_m", "zombi_m", "zombi_m" ],
                "typesmode": "next",
                "generator": [ 1, 2, 3, 4, 5, 6, 7, 8, 9, 10 ],
                "generatormode": "random",
                "lazyall": 0,
                "lazyme": 0,
                "speedmode": "normal"
            }
        ],
        "150": [
            {
                "types": [ "zombi_s", "zombi_s", "zombi_s", "zombi_s", "zombi_s", "zombi_s", "zombi_s", "zombi_s", "zombi_s", "zombi_s" ],
                "typesmode": "next",
                "generator": [ 1, 2, 3, 4, 5, 6, 7, 8, 9, 10 ],
                "generatormode": "random",
                "lazyall": 0,
                "lazyme": 0,
                "speedmode": "normal"
            }
        ],
        "160": [
            {
                "types": [ "zombi_s", "zombi_s", "zombi_s", "zombi_s", "zombi_s", "zombi_s", "zombi_s", "zombi_s", "zombi_s", "zombi_s" ],
                "typesmode": "next",
                "generator": [ 1, 2, 3, 4, 5, 6, 7, 8, 9, 10 ],
                "generatormode": "random",
                "lazyall": 0,
                "lazyme": 2,
                "speedmode": "normal"
            }
        ],
        "165": [
            {
                "types": [ "zombi_s", "zombi_s", "zombi_s", "zombi_s", "zombi_s", "zombi_s", "zombi_s", "zombi_s", "zombi_s", "zombi_s" ],
                "typesmode": "next",
                "generator": [ 1, 2, 3, 4, 5, 6, 7, 8, 9, 10 ],
                "generatormode": "random",
                "lazyall": 0,
                "lazyme": 1,
                "speedmode": "normal"
            }
        ],

        
        "170": [
            {
                "types": [ "zombi_tie_tong", "zombi_tie_tong", "zombi_tie_tong", "zombi_tie_tong", "zombi_tie_tong", "zombi_tie_tong", "zombi_tie_tong", "zombi_tie_tong", "zombi_tie_tong", "zombi_tie_tong" ],
                "typesmode": "next",
                "generator": [ 1, 2, 3, 4, 5, 6, 7, 8, 9, 10 ],
                "generatormode": "random",
                "lazyall": 0,
                "lazyme": 2,
                "speedmode": "normal"
            }
        ],
        "175": [
            {
                "types": [ "zombi_tie_tong", "zombi_tie_tong", "zombi_tie_tong", "zombi_tie_tong", "zombi_tie_tong", "zombi_tie_tong", "zombi_tie_tong", "zombi_tie_tong", "zombi_tie_tong", "zombi_tie_tong" ],
                "typesmode": "next",
                "generator": [ 1, 2, 3, 4, 5, 6, 7, 8, 9, 10 ],
                "generatormode": "random",
                "lazyall": 0,
                "lazyme": 0,
                "speedmode": "normal"
            }
        ],
        "180": [
            {
                "types": [ "zombi_tie_tong", "zombi_tie_tong", "zombi_tie_tong", "zombi_tie_tong", "zombi_tie_tong", "zombi_tie_tong", "zombi_tie_tong", "zombi_tie_tong", "zombi_tie_tong", "zombi_tie_tong" ],
                "typesmode": "next",
                "generator": [ 1, 2, 3, 4, 5, 6, 7, 8, 9, 10 ],
                "generatormode": "random",
                "lazyall": 0,
                "lazyme": 2,
                "speedmode": "normal"
            }
        ],
        "182": [
            {
                "types": [ "zombi_tie_tong", "zombi_tie_tong", "zombi_tie_tong", "zombi_tie_tong", "zombi_tie_tong", "zombi_tie_tong", "zombi_tie_tong", "zombi_tie_tong", "zombi_tie_tong", "zombi_tie_tong" ],
                "typesmode": "next",
                "generator": [ 1, 2, 3, 4, 5, 6, 7, 8, 9, 10 ],
                "generatormode": "random",
                "lazyall": 0,
                "lazyme": 3,
                "speedmode": "normal"
            }
        ],
        "185": [
            {
                "types": [ "zombi_tie_tong", "zombi_tie_tong", "zombi_tie_tong", "zombi_tie_tong", "zombi_tie_tong", "zombi_tie_tong", "zombi_tie_tong", "zombi_tie_tong", "zombi_tie_tong", "zombi_tie_tong" ],
                "typesmode": "next",
                "generator": [ 1, 2, 3, 4, 5, 6, 7, 8, 9, 10 ],
                "generatormode": "random",
                "lazyall": 0,
                "lazyme": 1,
                "speedmode": "normal"
            }
        ],
        "190": [
            {
                "types": [ "zombi_tie_tong", "zombi_tie_tong", "zombi_tie_tong", "zombi_tie_tong", "zombi_tie_tong", "zombi_tie_tong", "zombi_tie_tong", "zombi_tie_tong", "zombi_tie_tong", "zombi_tie_tong" ],
                "typesmode": "next",
                "generator": [ 1, 2, 3, 4, 5, 6, 7, 8, 9, 10 ],
                "generatormode": "random",
                "lazyall": 0,
                "lazyme": 0,
                "speedmode": "normal"
            }
        ]
    },
    
    "suns": {
        "3": [
            {
                "types": [ "sun" ],
                "typesmode": "next",
                "generatormode": "random",
                "lazyme": 0
            }
        ]
    }
}