{
    "type": "normal",
    "initsun": 100,
    "initmiaomode": "all",
    "initmiaorandomnummode": "FlowerPeng",
    "gamechecktime": 120,
    
    "initpeng": 8,
    "allowmiaolist": [
        "SunFlower", "IceFlower", "YangTao", "Pea", "JianGuo", "Cherry", "LanMei"
    ],
    
    "initshooter": "LanMei",
    "initmiaolist": [
        "SunFlower", "SunFlower", "LanMei", "LanMei"
    ],
    "enmyspeedattackscale": 1,
    "enmyspeedmovescale": 1,
    "enmyviewscale": 1,
    "enmybehurtscale": 1,

    "enmyswaveflag": {
        "19": 1
    },
    "enmys": {
        "6": [
            {
                "types": [ "zombi_s", "zombi_s", "zombi_s", "zombi_s", "zombi_s", "zombi_s", "zombi_s", "zombi_s", "zombi_s", "zombi_s" ],
                "typesmode": "next",
                "generator": [ 1, 2, 3, 4, 5, 6, 7, 8, 9, 10 ],
                "generatormode": "random",
                "lazyall": 0,
                "lazyme": 1,
                "speedmode": "normal"
            }
        ],
        "25": [
            {
                "types": [ "zombi_m", "zombi_m", "zombi_m", "zombi_m", "zombi_m", "zombi_m", "zombi_m", "zombi_m", "zombi_m", "zombi_m" ],
                "typesmode": "next",
                "generator": [ 1, 2, 3, 4, 5, 6, 7, 8, 9, 10 ],
                "generatormode": "random",
                "lazyall": 0,
                "lazyme": 2,
                "speedmode": "normal"
            }
        ],
        "50": [
            {
                "types": [ "zombi_mu_tong", "zombi_mu_tong", "zombi_mu_tong", "zombi_mu_tong", "zombi_mu_tong", "zombi_mu_tong", "zombi_mu_tong", "zombi_mu_tong", "zombi_mu_tong", "zombi_mu_tong" ],
                "typesmode": "next",
                "generator": [ 1, 2, 3, 4, 5, 6, 7, 8, 9, 10 ],
                "generatormode": "random",
                "lazyall": 0,
                "lazyme": 0,
                "speedmode": "normal"
            }
        ],
        "60": [
            {
                "types": [ "zombi_s", "zombi_s", "zombi_s", "zombi_s", "zombi_s", "zombi_s", "zombi_s", "zombi_mu_tong", "zombi_tie_tong", "zombi_tie_tong" ],
                "typesmode": "next",
                "generator": [ 1, 2, 3, 4, 5, 6, 7, 8, 9, 10 ],
                "generatormode": "random",
                "lazyall": 0,
                "lazyme": 1.5,
                "speedmode": "normal"
            }
        ],
        "90": [
            {
                "types": [ "zombi_m", "zombi_m", "zombi_m", "zombi_m", "zombi_m", "zombi_m", "zombi_m", "zombi_m", "zombi_m", "zombi_m" ],
                "typesmode": "next",
                "generator": [ 1, 2, 3, 4, 5, 6, 7, 8, 9, 10 ],
                "generatormode": "random",
                "lazyall": 0,
                "lazyme": 2,
                "speedmode": "normal"
            }
        ]
    },
    
    "suns": {
        "3": [
            {
                "types": [ "sun" ],
                "typesmode": "next",
                "generatormode": "random",
                "lazyme": 0
            }
        ]
    }
}