{
    "type": "normal",
    "suns": {
        "3": [
            {
                "types": [ "sun" ],
                "typesmode": "next",
                "generatormode": "random",
                "lazyme": 0
            }
        ]
    },
    "initsun": 50,
    "initmiaomode": "all",
    "initmiaorandomnummode": "FlowerPeng",
    "initpeng": 3,
    "allowmiaolist": [
        "SunFlower", "Pea", "Cherry"
    ],

    "initshooter": "Pea",
    "initmiaolist": [
        "SunFlower"
    ],

    "enmyspeedattackscale": 1.0,
    "enmyspeedmovescale": 1.0,
    "enmyviewscale": 1.0,
    "enmybehurtscale": 1.0,

    "gamechecktime": 6,
    "enmyswaveflag": {
        "19": 1
    },
    "enmys": {
        "4": [
            {
                "types": [ "zombi_s" ],
                "typesmode": "next",
                "generator": [ 4 ],
                "generatormode": "random",
                "lazyall": 0,
                "lazyme": 0,
                "speedmode": "normal"
            }
        ]
    }
}